{
    "3SAT 100 variáveis, 430 cláusulas": [
        [
            1,
            0.7666666666666667,
            0.8439325934114775
        ],
        [
            5,
            0.7333333333333333,
            0.5120763831912406
        ],
        [
            10,
            0.23333333333333334,
            0.42295258468165065
        ]
    ],
    "3SAT 20 variáveis, 91 cláusulas": [
        [
            1,
            0.0,
            0.0
        ],
        [
            5,
            0.0,
            0.0
        ],
        [
            10,
            0.0,
            0.0
        ]
    ],
    "3SAT 250 variáveis, 1065 cláusulas": [
        [
            1,
            1.7333333333333334,
            1.0934146311237816
        ],
        [
            5,
            1.0333333333333334,
            0.706320670013903
        ],
        [
            10,
            0.9,
            0.597215762238964
        ]
    ]
}