{
    "3SAT 100 variáveis, 430 cláusulas": [
        [
            1,
            9.9,
            1.1930353445448854
        ],
        [
            5,
            8.766666666666667,
            0.9195409482755813
        ],
        [
            10,
            8.366666666666667,
            0.752034278178565
        ]
    ],
    "3SAT 20 variáveis, 91 cláusulas": [
        [
            1,
            0.0,
            0.0
        ],
        [
            5,
            0.0,
            0.0
        ],
        [
            10,
            0.0,
            0.0
        ]
    ],
    "3SAT 250 variáveis, 1065 cláusulas": [
        [
            1,
            37.56666666666667,
            2.4315061633115844
        ],
        [
            5,
            34.56666666666667,
            1.9093337988826247
        ],
        [
            10,
            33.666666666666664,
            1.349897115421106
        ]
    ]
}