{
    "3SAT 100 variáveis, 430 cláusulas": [
        [
            1,
            14.633333333333333,
            1.74132771821453
        ],
        [
            2,
            9.733333333333333,
            1.1527744310527053
        ],
        [
            3,
            12.866666666666667,
            1.2036980056845195
        ]
    ],
    "3SAT 20 variáveis, 91 cláusulas": [
        [
            1,
            0.0,
            0.0
        ],
        [
            2,
            0.0,
            0.0
        ],
        [
            3,
            0.0,
            0.0
        ]
    ],
    "3SAT 250 variáveis, 1065 cláusulas": [
        [
            1,
            47.266666666666666,
            4.582090740650555
        ],
        [
            2,
            37.43333333333333,
            2.4857370916669543
        ],
        [
            3,
            43.5,
            3.8013155617496426
        ]
    ]
}