{
    "3SAT 100 variáveis, 430 cláusulas": [
        [
            1,
            0.8333333333333334,
            0.7340905181848415
        ],
        [
            2,
            1.1,
            0.9073771725877469
        ],
        [
            3,
            0.9,
            1.1357816691600546
        ]
    ],
    "3SAT 20 variáveis, 91 cláusulas": [
        [
            1,
            0.0,
            0.0
        ],
        [
            2,
            0.0,
            0.0
        ],
        [
            3,
            0.0,
            0.0
        ]
    ],
    "3SAT 250 variáveis, 1065 cláusulas": [
        [
            1,
            1.7,
            1.004987562112089
        ],
        [
            2,
            2.0,
            0.816496580927726
        ],
        [
            3,
            2.533333333333333,
            1.0241527663824812
        ]
    ]
}